filename, defect
hunter_00192_jpg.rf.fce4e2bd9f7a8c0e3e37019d60e2ba2d.jpg, 1
hunter_00051_jpg.rf.fd842a4a93cba65759f274f453007756.jpg, 1
IMG_20230413_130006_jpg.rf.fe097ce9ecfad85dac8259788d5fec6f.jpg, 1
IMG_20230413_124546_jpg.rf.fe710d0c1ee9365ee1e6a4048f010944.jpg, 1
hunter_00046_jpg.rf.fee1fa16047cccddc91f6ebbb5790510.jpg, 0
IMG_20230413_130330_jpg.rf.ff3e0e88f917c26d70897372e49b0520.jpg, 1
IMG_20230413_125115_jpg.rf.ffb70c34ad6ca9d2aa54a89428e45529.jpg, 1
IMG_20230413_124538_jpg.rf.ffcde6c66cd1c332a49b3f7313c1cc57.jpg, 1
hunter_00115_jpg.rf.ffd93caeff56070c90f4ab4670765007.jpg, 1
hunter_00005_jpg.rf.0092d1aed321b32adf2301d065840700.jpg, 1
IMG_20230413_125930_jpg.rf.049ffdc4a7fc0b3defa2d6c114fe4f18.jpg, 1
hunter_00185_jpg.rf.040577a2a2412f890d4567975d7fd865.jpg, 1
IMG_20230413_122552_jpg.rf.0607ecf022d0298d02d810aae20cb929.jpg, 1
IMG_20230413_130205_jpg.rf.01943527bb3bccb48adb1d3293540527.jpg, 1
IMG_20230413_123139_jpg.rf.0247340a40c0111f108d8133b48be9ee.jpg, 1
IMG_20230413_130452_jpg.rf.02ba76dadf0d5c6074f0c1066a70b74b.jpg, 1
IMG_20230413_123459_jpg.rf.055e75403d94634457d7ab2ac43387e9.jpg, 1
hunter_00030_jpg.rf.073532404c139383f76c272f53420af9.jpg, 1
IMG_20230413_123720_jpg.rf.069a56c43eb95b5d4df12136eaa5fe11.jpg, 1
IMG_20230413_130412_jpg.rf.04d368a1bdf3284b0b48d57857f949c8.jpg, 1
IMG_20230413_124355_jpg.rf.006565ab10bc27128a6f317d0ec8e7e3.jpg, 1
IMG_20230413_123720_jpg.rf.0741001faeb922ee359d90a0a8ce891c.jpg, 1
IMG_20230413_130610_jpg.rf.06f2c890f448822ed4a5ce6a7fc75114.jpg, 1
hunter_00009_jpg.rf.002c129fe70e47e69ae86a3061eae656.jpg, 1
IMG_20230413_122512_jpg.rf.07fd6f2969f808699cde6da5b1ab0a69.jpg, 1
IMG_20230413_123132_jpg.rf.0a651526aaa429137ad31c8bb7a527a3.jpg, 1
IMG_20230413_125541_jpg.rf.08993804f5a7ea213b15860cfebb4bc3.jpg, 1
hunter_00069_jpg.rf.095758a9ec45e06ecb40f7079603718c.jpg, 1
IMG_20230413_130518_jpg.rf.08105b6ec051ac062ff6d22eca5e5f14.jpg, 1
hunter_00044_jpg.rf.085f88f55d6f25fe092a94208b61adc7.jpg, 1
hunter_00031_jpg.rf.0786e344f535ae1124d6124b813fe954.jpg, 1
hunter_00095_jpg.rf.0ccf8d71e525183e4361e3d767c3e8e8.jpg, 1
IMG_20230413_124720_jpg.rf.0b1f941f5d4d1b50e33d407714e8d402.jpg, 1
IMG_20230413_125326_jpg.rf.0bd1eed9a6cbf7182748c7abec13bbd2.jpg, 1
hunter_00173_jpg.rf.0aa702185d16063a075454cd23699639.jpg, 1
IMG_20230413_125830_jpg.rf.09f6eede8f7318c49eab74b78dadb917.jpg, 1
hunter_00133_jpg.rf.0dcf55c77fa6723c081794395c804b74.jpg, 1
IMG_20230413_125621_jpg.rf.0b79ea173e44f386558e7001b6f46001.jpg, 1
IMG_20230413_130618_jpg.rf.09dffc767f0129240163e2d23c75dc36.jpg, 1
IMG_20230413_123158_jpg.rf.08c94cc653e4fbb7850433f9433c335a.jpg, 1
hunter_00181_jpg.rf.09f211c12ee1963a46b388300a14ba45.jpg, 1
hunter_00081_jpg.rf.08ff44a218cc645e72fb78129658179f.jpg, 0
hunter_00100_jpg.rf.0cc8f20d0a877d2561fe3d6508273915.jpg, 1
IMG_20230413_130555_jpg.rf.0c3db9d65a84c9d8e1228c1e2d235703.jpg, 1
hunter_00112_jpg.rf.0ded397d235baf2af6b4350905bb4797.jpg, 1
IMG_20230413_124804_jpg.rf.0e36d738a1fc1a39f0d77dc815cf829b.jpg, 1
IMG_20230413_130205_jpg.rf.0c5d7b5697e4d411bf35175b08b086cd.jpg, 1
hunter_00058_jpg.rf.0b153dc94308ef7d0a759fa43391e4e5.jpg, 1
IMG_20230413_130119__01_jpg.rf.0e8b81ef3294af5028efe5531e04781d.jpg, 1
IMG_20230413_123637_jpg.rf.0e7461c0cbc6fd7c9c30413ea8edeeda.jpg, 1
IMG_20230413_125621_jpg.rf.0f67869c8feeff850de44ca76df3050e.jpg, 1
IMG_20230413_130412_jpg.rf.0e7e9046f33db1eb1f8b53ed89b7d322.jpg, 1
IMG_20230413_125243_jpg.rf.0c8f5b17446d9c1c75271c80af65b08d.jpg, 1
IMG_20230413_125036_jpg.rf.12fda2f098492f47106689603df9d3b1.jpg, 1
IMG_20230413_123318_jpg.rf.10bb5b5265e6b0c414aa33b7a4119227.jpg, 1
IMG_20230413_130205_jpg.rf.133b8a43832f1c3cefad873da3548aa1.jpg, 1
hunter_00021_jpg.rf.119b30fd2b0bee8d7aa5f84c7235a5fa.jpg, 1
hunter_00082_jpg.rf.150fce24277aca9b66b5932d57c91bef.jpg, 0
hunter_00019_jpg.rf.1464215d3d0494fb58b27ca2e0036aed.jpg, 1
IMG_20230413_130147_jpg.rf.1184227b80bea3a82bac34bc9932e2a7.jpg, 1
IMG_20230413_124844_jpg.rf.159a8027fe6bbd5ca54e560b99356c4e.jpg, 1
hunter_00112_jpg.rf.188ca68babb5255eeaaf706c3a2a82b5.jpg, 1
hunter_00079_jpg.rf.13ccf4419d5e1f37912e84b771771608.jpg, 1
IMG_20230413_122829_jpg.rf.176dcd369c3b1d810a3419a1e1884f85.jpg, 1
IMG_20230413_123619_jpg.rf.177bd2e1c7827df7b77b8a333cb1db71.jpg, 1
IMG_20230413_125148_jpg.rf.0b9e2cfd7e3d77c736925732847e86de.jpg, 1
hunter_00192_jpg.rf.1017a1266606cfcc5312921ba6ce76fc.jpg, 1
IMG_20230413_125907_jpg.rf.195a819fc26707d618de898ebe4b788e.jpg, 1
IMG_20230413_130201_jpg.rf.17720c953c835554fed927e5a7ebb1b6.jpg, 1
hunter_00076_jpg.rf.18faa2ffa0f78b4ac8ee6c19573fd8dc.jpg, 1
IMG_20230413_123630_jpg.rf.104b133282f656daf7f8ee4345699abc.jpg, 1
IMG_20230413_123917_jpg.rf.19968215107d5a3d9e1806343f352676.jpg, 1
IMG_20230413_124757_jpg.rf.0edaa73c22e85584e3955e07b3d8f8ea.jpg, 1
hunter_00169_jpg.rf.168d594b5ffc48c3e1c4c6d94fefb7f9.jpg, 1
hunter_00032_jpg.rf.19f906e1fdf31dd7385fab165c52dce3.jpg, 1
IMG_20230413_130650_jpg.rf.174c36e49166a83a481694430a1513bb.jpg, 1
IMG_20230413_124744_jpg.rf.1a5ca02d2f2367c3952af161b6ec7b9e.jpg, 1
IMG_20230413_125125_jpg.rf.1cd2df7c2a83e0467f9dae5a98adfbc7.jpg, 1
hunter_00065_jpg.rf.1bd07699cf87756789f8ea67e8cd9545.jpg, 1
hunter_00117_jpg.rf.1b31a33313de3b8cb5ae5359a578c9ec.jpg, 1
hunter_00137_jpg.rf.20ccccb255702f38953f28db1d66b85f.jpg, 1
IMG_20230413_123619_jpg.rf.22c15598e3f89d511747993a6b6cc5e7.jpg, 1
IMG_20230413_130020_jpg.rf.1cbc560635839b8db9f53caa7c2e6c70.jpg, 1
IMG_20230413_130011_jpg.rf.20a5edb72b85afa3a50886edc8a5ed02.jpg, 1
hunter_00066_jpg.rf.20f290a9b20447c38c329a383457c9de.jpg, 1
IMG_20230413_130714_jpg.rf.2265bccec33f20863c795f05d90416d6.jpg, 1
IMG_20230413_125943_jpg.rf.1eb09f3e58143a70fe1bee400872d237.jpg, 1
IMG_20230413_125224_jpg.rf.207592d57df9941a6c82b75ed3ad303e.jpg, 1
IMG_20230413_124855_jpg.rf.1ff89145b0538a58d40b1703575ed4ce.jpg, 1
IMG_20230413_130052_jpg.rf.1fca5f75314cf5c8a9cc18afb51fff4d.jpg, 1
hunter_00117_jpg.rf.21881cf73652a4d1e422bf59ab2f2b21.jpg, 1
hunter_00032_jpg.rf.2205a59bea3eb8caccef9373d3252faa.jpg, 1
hunter_00092_jpg.rf.20a407ee19a2fe91b45557244a1e6114.jpg, 1
IMG_20230413_130658_jpg.rf.21463a35b77166b31c4bd81671fc129b.jpg, 1
IMG_20230413_125621_jpg.rf.20d00079bf700e688d3aac3c4d6f818e.jpg, 1
IMG_20230413_123637_jpg.rf.20a0472fdfeff23b45364e5015dbfefd.jpg, 1
IMG_20230413_130142_jpg.rf.217efd0ffb8cf18b98792b77ea62b0f4.jpg, 1
hunter_00066_jpg.rf.2330928c8644f3738dba64404aca053e.jpg, 1
hunter_00065_jpg.rf.1c1bf43332180d6ec05824190ea53f24.jpg, 1
hunter_00071_jpg.rf.1ed0a2708608f77b3a8e14b2280db045.jpg, 1
hunter_00007_jpg.rf.248193e9b6ccd927abfc9d2dd6897adc.jpg, 1
hunter_00049_jpg.rf.21af11005e12bfb0a3b21b77be263ccf.jpg, 1
hunter_00096_jpg.rf.23aaa7263eb5e81759e2e265f5180289.jpg, 1
IMG_20230413_125115_jpg.rf.247b6c6167f2e1481731abc618102fd6.jpg, 1
IMG_20230413_122720_jpg.rf.2516e5851b59a274c1875ed25c1eb329.jpg, 1
IMG_20230413_123151_jpg.rf.2551faed4efc7213086da223841e184e.jpg, 1
IMG_20230413_123158_jpg.rf.2614ce22c5267e06a2c8e0cb7db2671c.jpg, 1
hunter_00027_jpg.rf.238288a8ccb6e7919b4e11c7118095b5.jpg, 1
IMG_20230413_130330_jpg.rf.264007528a0bf4ec0db3c732e91e9bcf.jpg, 1
IMG_20230413_125107_jpg.rf.268cb025a7285bc37a79cee936d24a9b.jpg, 1
hunter_00188_jpg.rf.2761c559460dac6a1ef69f883f83cfce.jpg, 1
IMG_20230413_130058_jpg.rf.254f93e8b59cce6113fc53627fafc2e1.jpg, 1
hunter_00024_jpg.rf.27ba939ab52c71bee5c8fbb3823215ad.jpg, 1
hunter_00180_jpg.rf.2c03dc4fb18c0f607334ba1115585dd2.jpg, 1
IMG_20230413_125918_jpg.rf.2c89b0715adc8a4f7d56a1f6034cd408.jpg, 1
IMG_20230413_124810_jpg.rf.28c73b5643c7a2b2308facaf0266eed2.jpg, 1
IMG_20230413_130052_jpg.rf.28a7c9fd7fb812302092ad27bacae2aa.jpg, 1
hunter_00175_jpg.rf.26e8041c67382f682b9ae8e30a2a2a52.jpg, 0
IMG_20230413_130006_jpg.rf.2e3c19930b7e6c5224638b53e2900bf6.jpg, 1
hunter_00177_jpg.rf.28002e0a36f49029634a284b8904da25.jpg, 1
IMG_20230413_130119__01_jpg.rf.2682581978556c5002235ebec0d95665.jpg, 1
IMG_20230413_124751_jpg.rf.2899e5a98be81b49943500617e769574.jpg, 1
hunter_00057_jpg.rf.2cbc3bc7209026dc9268f702499bf408.jpg, 1
IMG_20230413_123752_jpg.rf.2f2d58370429076fa54fe270b09c077a.jpg, 1
IMG_20230413_125326_jpg.rf.2f61fed3284c35ce644e61a326273577.jpg, 1
IMG_20230413_130216_jpg.rf.2d3db46efabaeb4959894211523b85ac.jpg, 1
IMG_20230413_124612_jpg.rf.3020492352fb9407b0db2dadee31685a.jpg, 1
IMG_20230413_130412_jpg.rf.30b7b0bf82f48e05cba5d4f08fddcdd9.jpg, 1
hunter_00088_jpg.rf.28ec91a05ff2553484aa3b73dec3e3c8.jpg, 1
IMG_20230413_125036_jpg.rf.31cf4c36ad4503da7eedbe2b0c192953.jpg, 1
IMG_20230413_130610_jpg.rf.2c91fc8f879e2d6c4b6fdf911eecb721.jpg, 1
IMG_20230413_130058_jpg.rf.32036026339d803514908ca3b292853c.jpg, 1
IMG_20230413_130514_jpg.rf.3079cc70422648d899a2d400a9c87737.jpg, 1
hunter_00074_jpg.rf.3130acd431a7947f564706e2bf2f4d48.jpg, 1
IMG_20230413_130401_jpg.rf.324c33ad33c53f6644f4e372314f4821.jpg, 1
hunter_00012_jpg.rf.3287b45bcdb37f348f68ffd542fa5b1d.jpg, 1
hunter_00007_jpg.rf.31e111655b035a4ce3f432dcd873f59b.jpg, 1
hunter_00085_jpg.rf.36241bc155eef9a6e37a29dbf70fb3b8.jpg, 1
IMG_20230413_125320_jpg.rf.32f8764f2c50c3320354b3e8c55e3826.jpg, 1
IMG_20230413_122752_jpg.rf.362f364f830dd6c82b1e037255f04092.jpg, 1
hunter_00165_jpg.rf.3670644c87d16c2da155c428836f605a.jpg, 1
hunter_00116_jpg.rf.363420ce3dd401582ebc5a164e7f42f1.jpg, 1
hunter_00070_jpg.rf.32194f2f4d1a57e85e15f2f065f32535.jpg, 1
hunter_00046_jpg.rf.34f40a356978de8e9469909c9d5c2e20.jpg, 0
IMG_20230413_124514_jpg.rf.379fac329e5853d4eea203c196d3c8c9.jpg, 1
hunter_00133_jpg.rf.32cae237c572d0404af699c200c76a70.jpg, 1
IMG_20230413_130324_jpg.rf.346599010a94fa88fe5918fccb9d29ab.jpg, 1
IMG_20230413_125100_jpg.rf.372e7eaa67c11c2d22bb2bdbe6a57b75.jpg, 1
IMG_20230413_130618_jpg.rf.37285e653a268851714e83680fc2961f.jpg, 1
hunter_00182_jpg.rf.3710172d59851fa83d9188159ff87d93.jpg, 1
IMG_20230413_125315_jpg.rf.353fb18cd83bd7dffcfcfe270d9d6a75.jpg, 1
hunter_00137_jpg.rf.361bfa6d391e8c3d5c4ac7b6afacd6c7.jpg, 1
IMG_20230413_124744_jpg.rf.368de2c0ab8508f0d979419c92f0f2a0.jpg, 1
IMG_20230413_130518_jpg.rf.2eaf88be6c3cd33225d30e3e29f6de1b.jpg, 1
hunter_00095_jpg.rf.395f3d7a151c0ff49eb632a0019adb53.jpg, 1
hunter_00082_jpg.rf.3bae4cae5c1c9aa5ca6dee65dda2fc67.jpg, 0
hunter_00172_jpg.rf.3854f23eee41937c01372b6af1600fb6.jpg, 1
hunter_00188_jpg.rf.3914df8d37a0f1f8007d718c547bc406.jpg, 1
hunter_00071_jpg.rf.3562835f4742af86454eaf6242f23208.jpg, 1
hunter_00069_jpg.rf.3ffc2aa0b164813950449156409d9f7b.jpg, 1
IMG_20230413_130058_jpg.rf.3c41d020d8544d68752642c85e16709b.jpg, 1
IMG_20230413_125541_jpg.rf.3995569dc462999543299cdfeef3abb2.jpg, 1
IMG_20230413_123307_jpg.rf.3b6d8272f2dc8a4f1522393c67ccdcca.jpg, 1
hunter_00051_jpg.rf.3ce73d5c805a82f3e07afd766eb315ed.jpg, 1
IMG_20230413_130011_jpg.rf.3ebc6994bdc236bfea2df154cd60197a.jpg, 1
hunter_00027_jpg.rf.3a059c6931aa929accb70e4aef7f57cd.jpg, 1
IMG_20230413_125541_jpg.rf.402777b18c75488f69dbb9fe257e008a.jpg, 1
IMG_20230413_125051_jpg.rf.3f4674789141516341b8a4ea5e58a692.jpg, 1
IMG_20230413_123009_jpg.rf.3cc4026d4487a9b1b93fdd7c14568af1.jpg, 1
IMG_20230413_122938_jpg.rf.3ef500e5de12468bab749e0b6c3cd562.jpg, 1
IMG_20230413_124300_jpg.rf.3d5de16112989a30c401f74c7e99d9d0.jpg, 1
IMG_20230413_125320_jpg.rf.38b6f980e5d813c965c4abad8de16668.jpg, 1
hunter_00179_jpg.rf.3f5d3ab95e9a7a5addacf09f8c73b402.jpg, 1
IMG_20230413_130650_jpg.rf.3c5d16a51cfbd7a33a903d70c62b5611.jpg, 1
hunter_00059_jpg.rf.3c87aa5a8fda1e074821af8dcb65d7a1.jpg, 1
hunter_00088_jpg.rf.4379ebfcd0bdf8931999359e72bab763.jpg, 1
hunter_00044_jpg.rf.41de03e9a3aa09df6a3b0f4489d7ab39.jpg, 1
IMG_20230413_125638_jpg.rf.41f848dd770d5529022ce9c6dab3dd0e.jpg, 1
IMG_20230413_130153_jpg.rf.407bf5550dd55da145fc3b4b3979394e.jpg, 1
IMG_20230413_130157_jpg.rf.44d13828bd9a188ff250331cf27d36f7.jpg, 1
hunter_00077_jpg.rf.453b6784b789cc4f1e7e770d660c0a9e.jpg, 1
hunter_00066_jpg.rf.436113b986ca67e71d9334f431003238.jpg, 1
hunter_00180_jpg.rf.45dc838257e0554f4f893b6e71263980.jpg, 1
IMG_20230413_123307_jpg.rf.45ea853e1ed77b52b0e06107df26490d.jpg, 1
hunter_00035_jpg.rf.47b7660368652948472cfd5a8ee88d35.jpg, 1
IMG_20230413_125808_jpg.rf.3bc6953ae3b7b59a8d57ee72e4d0deb9.jpg, 1
hunter_00052_jpg.rf.4707f53c4ae158807efd107fcf16c512.jpg, 1
hunter_00040_jpg.rf.474f4e1529dce08b754d91d3b36606b7.jpg, 1
hunter_00080_jpg.rf.3c6481c3ac19e38046432d165a093325.jpg, 1
IMG_20230413_125107_jpg.rf.46c08c4efb7fdeb9a4555bdf710afcb0.jpg, 1
IMG_20230413_123603_jpg.rf.4829467627f58f6265621d984e6adefc.jpg, 1
IMG_20230413_125903_jpg.rf.49fd4ea62f68ad5d289a4d5132c43a55.jpg, 1
IMG_20230413_130530_jpg.rf.4a78dd04773f82ce2f90a2d16d7950e6.jpg, 1
IMG_20230413_125824_jpg.rf.461bcec23b373006b3c2055b224c8570.jpg, 1
hunter_00006_jpg.rf.43b7e2c1ab09692de225f7783837f616.jpg, 1
IMG_20230413_125125_jpg.rf.436beb3a5171f616a44f80a94cce2da7.jpg, 1
IMG_20230413_130201_jpg.rf.4bf7eaeff2f36e64253f972402609b20.jpg, 1
hunter_00010_jpg.rf.4ba47c10e7a510268e3b8ecf98138441.jpg, 1
hunter_00065_jpg.rf.4b11f85a9e8d28cce7309175b783e955.jpg, 1
hunter_00029_jpg.rf.4cc20712bad6533e779f06a8fcb7cc72.jpg, 1
IMG_20230413_125315_jpg.rf.4c858e2c7658937a7a25c23437726e9f.jpg, 1
IMG_20230413_123202_jpg.rf.50c8eda1a8d068bdeeedf3fdd4a2e439.jpg, 1
IMG_20230413_124751_jpg.rf.4914dff8a2d3925877d53bceaa064c4e.jpg, 1
hunter_00057_jpg.rf.4e29597eb5b9cfd75c313f359bd46ce7.jpg, 1
IMG_20230413_125557_jpg.rf.4d5d46311780c64d6834bb742bca73e8.jpg, 1
hunter_00191_jpg.rf.519e2c2cd07534dfedcd6ef192a5206c.jpg, 1
IMG_20230413_123354_jpg.rf.50ef83385075f70ced972a874b7d8d6d.jpg, 1
IMG_20230413_125412_jpg.rf.4f699f70b5c5e93b5b30d47b743ffcd6.jpg, 1
IMG_20230413_125534_jpg.rf.50409f2aedd16dd3fd2ee23c91e06342.jpg, 1
hunter_00021_jpg.rf.4f18b6d9e9b37b66fd58ad3809072467.jpg, 1
IMG_20230413_124720_jpg.rf.4f0f7a919460f74f207148694b691360.jpg, 1
hunter_00075_jpg.rf.5131669a306dd9596d8c20090a2447b4.jpg, 1
IMG_20230413_123859_jpg.rf.5256578daeffbd068591cf8c185d3cc1.jpg, 1
hunter_00005_jpg.rf.51bad67acbda6314d554d2d5fcb6e1ad.jpg, 1
IMG_20230413_124333_jpg.rf.4fb479384ecc6bcdb18696217dbfc839.jpg, 1
hunter_00008_jpg.rf.538658ae13bb09af0fd1fd81e0b0962e.jpg, 1
IMG_20230413_124308_jpg.rf.53f0507d6d71b4864d08c6e836637cd2.jpg, 1
hunter_00012_jpg.rf.545ef10e8c625daca23803eace100877.jpg, 1
IMG_20230413_125819_jpg.rf.54cf7422e35f634f1bb449c1d7911eab.jpg, 1
IMG_20230413_122846_jpg.rf.5389bfad09afff9328add6191d00d084.jpg, 1
hunter_00031_jpg.rf.54c78f23196da006d0b50f742f4a3d2a.jpg, 1
hunter_00133_jpg.rf.521573d0e27f6973f5916d489c5d09f4.jpg, 1
hunter_00092_jpg.rf.54c21db46ae643448ab4a74c96a7c5d0.jpg, 1
hunter_00074_jpg.rf.5581746e9703e84fdc2394c316e423ab.jpg, 1
hunter_00078_jpg.rf.56676836b63df61312f66333f7f7fca5.jpg, 1
hunter_00136_jpg.rf.56a5e54cf34cdc4812b96c7fcbabcd1c.jpg, 1
hunter_00049_jpg.rf.56b83e3ab51ec9ec7db54300a0a0f99a.jpg, 1
hunter_00175_jpg.rf.56c495583b11aa4265be4a1d62ed8b98.jpg, 0
hunter_00040_jpg.rf.56eab1c4c4f20b302ec74d537359c2cc.jpg, 1
IMG_20230413_122859_jpg.rf.573564b3f7f26d19f3d22d5ebcfd9dba.jpg, 1
hunter_00184_jpg.rf.58023d8c218462b25bfb6c7d22700b82.jpg, 1
IMG_20230413_122829_jpg.rf.593eda2a11d349504d4543799c8a42bf.jpg, 1
IMG_20230413_124558_jpg.rf.59feff73dbf9e80ef7ca0775a8bcb4b9.jpg, 1
hunter_00177_jpg.rf.5aa4cb84412a5aa97bd021e310ea5c79.jpg, 1
hunter_00045_jpg.rf.5acadd90c628efbf7e2f9899920fd04e.jpg, 1
IMG_20230413_125015_jpg.rf.57fb1fa7148b38f10bcc939bb2c56d3a.jpg, 1
IMG_20230413_125841_jpg.rf.5a44e8a5c1295b234903c1eca1e9cd2b.jpg, 1
IMG_20230413_125958_jpg.rf.5b2f6a3101b360d6f443b1db1dd0061d.jpg, 1
IMG_20230413_125315_jpg.rf.5bcf28a64631f48c5658521cd4bd7776.jpg, 1
IMG_20230413_124831_jpg.rf.5ab6edb7de294dc76c88be8bf7f53df4.jpg, 1
IMG_20230413_124725_jpg.rf.5c28b0f320c64d50803ab106ba9b1c30.jpg, 1
hunter_00044_jpg.rf.5941d957bb3721b6bb27e1e569a17ac2.jpg, 1
IMG_20230413_122523_jpg.rf.5c4c4a50895ae01c04f0f9114db57796.jpg, 1
hunter_00029_jpg.rf.5d7dd2515c71bfc4379a10cb1d2de7e4.jpg, 1
IMG_20230413_122846_jpg.rf.5ccb35f068468d7553a20c7ca64733f5.jpg, 1
IMG_20230413_123603_jpg.rf.5dfdbb8317572e56ea7b26b12a8ead53.jpg, 1
hunter_00070_jpg.rf.5e7aae8755a90c3d3c40dbeb8e326f1a.jpg, 1
hunter_00059_jpg.rf.5e8e1dc8d99683b08c6a64bf5d3f0fd8.jpg, 1
hunter_00010_jpg.rf.600f715d582d026da94fb1b82fa4e3dc.jpg, 1
hunter_00194_jpg.rf.5f7bcbd261842d31a8ac9441a95c68a3.jpg, 1
hunter_00078_jpg.rf.5aabde5cfc5419e3130e8fd5f8f05a73.jpg, 1
IMG_20230413_130654_jpg.rf.653eeb3d373b354c08b6e0456136b89d.jpg, 1
hunter_00136_jpg.rf.61382781d30750d66deafe599f739fa7.jpg, 1
IMG_20230413_123151_jpg.rf.61b2244546ce2d9fbe1455645bb477c3.jpg, 1
IMG_20230413_125412_jpg.rf.65885640013dedc1e1f3748eb6e6a116.jpg, 1
IMG_20230413_130006_jpg.rf.62c6153a9e6dbfb831a6ea435e80226e.jpg, 1
hunter_00086_jpg.rf.6203724369f78d114418de541cc3cba4.jpg, 1
IMG_20230413_123224_jpg.rf.64d9ba00cc09d426b7370f43e5eaa88a.jpg, 1
hunter_00178_jpg.rf.64fac67a5d4da3929b1c941f934bfb42.jpg, 1
IMG_20230413_124355_jpg.rf.5e9f3fa3d588d57f100e266192e32db9.jpg, 1
hunter_00135_jpg.rf.648494cad9fb545ad4a597bc802ac8dd.jpg, 1
IMG_20230413_125043_jpg.rf.65fa0e18d753ac8ffe22f6858caf3d2c.jpg, 1
IMG_20230413_124927_jpg.rf.6394b620a2b1e45517080a2f6a8b70d3.jpg, 1
hunter_00096_jpg.rf.62e01f3f2571ea370796b27b966055b1.jpg, 1
IMG_20230413_122552_jpg.rf.66de1969926f12e20f9a6cdbad6981c3.jpg, 1
IMG_20230413_125457_jpg.rf.65b8947e4b687565c94e78a4060c8f40.jpg, 1
hunter_00076_jpg.rf.676cd817989fd72dd4bf8377221b0791.jpg, 1
hunter_00007_jpg.rf.67f76d1dbaadda70b4b9bb8c52a53e51.jpg, 1
IMG_20230413_124514_jpg.rf.67566986d56100341f9887b4239abc1c.jpg, 1
IMG_20230413_124804_jpg.rf.61840226dd937ea55ab564fea53a07ab.jpg, 1
hunter_00115_jpg.rf.5f8fab07cf94fe8760d5c6eea36bcfe8.jpg, 1
IMG_20230413_124927_jpg.rf.68fda2d92e7db51d8c6b43c01523479c.jpg, 1
IMG_20230413_123224_jpg.rf.65ea55cfe2ae22d980b50e19bd4f7832.jpg, 1
hunter_00058_jpg.rf.65283b92125303e8d45b44755f930935.jpg, 1
IMG_20230413_125830_jpg.rf.69033285d98cc77dada4727e2ff164ee.jpg, 1
IMG_20230413_124744_jpg.rf.613064ac949ef96316ea33ffc1c96649.jpg, 1
IMG_20230413_130703_jpg.rf.6940332ee7893a674ca469b766e7eae9.jpg, 1
IMG_20230413_123656_jpg.rf.69c02050b543e63ef9506305fe6a3b2e.jpg, 1
IMG_20230413_124612_jpg.rf.694c50991c61769e22b0a14518021817.jpg, 1
IMG_20230413_123720_jpg.rf.6b84d359bc0ec01219ff4d03c949b123.jpg, 1
hunter_00081_jpg.rf.6b7a8b6d007d349539e2a3c14feae1ce.jpg, 0
IMG_20230413_122530_jpg.rf.6ab26a7f87cb0f736c6497207dabcd9a.jpg, 1
IMG_20230413_122752_jpg.rf.6a03b161c8b294614882389dc8038b4e.jpg, 1
hunter_00169_jpg.rf.6b0b1f64fa1973dfe91cfa9dd6ed3061.jpg, 1
IMG_20230413_122523_jpg.rf.6b11672019e361bdaeeafb386fa82714.jpg, 1
IMG_20230413_130418_jpg.rf.69f9cce8174b3c3f2b99c4c01d04a4b5.jpg, 1
IMG_20230413_124720_jpg.rf.6abf1886a01e5ea45cb54eac4f097ed4.jpg, 1
IMG_20230413_125841_jpg.rf.6f3ae6dda685d6358c7dfa5589d9b498.jpg, 1
hunter_00087_jpg.rf.69c83a576ed2e0e2ae27efc723876322.jpg, 1
hunter_00185_jpg.rf.6abba40d45d07f563a871608f136e8d9.jpg, 1
hunter_00087_jpg.rf.6df7dd1b4af019a70a84df31cdc563c1.jpg, 1
hunter_00004_jpg.rf.6be8824dc834b1170fa17e830e806822.jpg, 1
IMG_20230413_124300_jpg.rf.6cbfd21bc30ecd9cec252872d0cd4348.jpg, 1
hunter_00088_jpg.rf.6f18bc31bd120462f3568439aa22ee88.jpg, 1
IMG_20230413_124538_jpg.rf.6dd5574409f69b6a1a997c9be32f9389.jpg, 1
IMG_20230413_125638_jpg.rf.6b8335c90e04416fdf954554500ba911.jpg, 1
hunter_00176_jpg.rf.6961fbf96bf9a3322ef47039e7762073.jpg, 0
IMG_20230413_124605_jpg.rf.6fcc1d5c6714b8a02dd30ad9ee3d4a54.jpg, 1
hunter_00194_jpg.rf.712858d9999f4e844ce1ec83b44a9ca0.jpg, 1
IMG_20230413_125336_jpg.rf.6b58cf0c915180f0b1bfa5e5f2d4feda.jpg, 1
hunter_00194_jpg.rf.6fa9fe11d52aacc1b0700663f94a5cbe.jpg, 1
IMG_20230413_130020_jpg.rf.6a681d61eeeb1cea467cda11258280c9.jpg, 1
IMG_20230413_122653_jpg.rf.70cafe5693101cd1c4ec451c2dfc282a.jpg, 1
IMG_20230413_125819_jpg.rf.7060c620f2cff411870eef1e231751a7.jpg, 1
IMG_20230413_124448_jpg.rf.7130a123ac1ec791dee21a9a61652d0c.jpg, 1
IMG_20230413_123354_jpg.rf.71cb049eb5a473ebdfeb24d506025c72.jpg, 1
IMG_20230413_125930_jpg.rf.7252abe7470c268b54e87544d0155282.jpg, 1
hunter_00077_jpg.rf.7713075bbf2bc1dbce3eaa504ce39137.jpg, 1
hunter_00181_jpg.rf.724e9eb3b7875dfc1ff530ec7f182002.jpg, 1
hunter_00045_jpg.rf.717456d0d9bc46580df986b27fb78a38.jpg, 1
hunter_00135_jpg.rf.76d022189b06104609f5f00983463d0d.jpg, 1
IMG_20230413_123307_jpg.rf.78e7c6c9cc5e7141cf2f1f03a81e57e3.jpg, 1
IMG_20230413_123613_jpg.rf.77659f7a3589315ce4418e3f4fa595e9.jpg, 1
hunter_00183_jpg.rf.78d117f80d866b2cc37c679e9d1285d4.jpg, 1
IMG_20230413_125903_jpg.rf.77018b8646df8d306a2511805e873803.jpg, 1
hunter_00179_jpg.rf.7491bfeb1d47acb7ab97b02187688c9c.jpg, 1
hunter_00174_jpg.rf.7913647b09b84ecb75dc4417cb7a1be5.jpg, 0
IMG_20230413_125025_jpg.rf.7742a999503daec28f36afa9b300c650.jpg, 1
IMG_20230413_123115_jpg.rf.784310125bdcec6741f95fb70e2490f9.jpg, 1
IMG_20230413_125030_jpg.rf.77c2da1ca753d1424bd26fa823f37e80.jpg, 1
IMG_20230413_124855_jpg.rf.793a75458a0e5e7c01b3040551d00bba.jpg, 1
IMG_20230413_122535_jpg.rf.72a10adb9a9d976a420fc30436f53840.jpg, 1
IMG_20230413_124448_jpg.rf.7876cdd489731bf0355b35436c64a961.jpg, 1
hunter_00024_jpg.rf.753fc39fc396d026b075cf67b9734bbc.jpg, 1
IMG_20230413_125100_jpg.rf.786456159f86fe64fb8e19e78d27ba74.jpg, 1
hunter_00192_jpg.rf.796bd50a1177619816f2d7a525d373f2.jpg, 1
hunter_00137_jpg.rf.7629bc6b1c675b10b39e9e8fc2fb98be.jpg, 1
hunter_00006_jpg.rf.7535f01864f6d89256423b8d2cb13e83.jpg, 1
IMG_20230413_130401_jpg.rf.7a6cd46d0bd899d55f50722acacfdb57.jpg, 1
IMG_20230413_125530_jpg.rf.7aad469313c862ae39c3cf9f153d08ef.jpg, 1
IMG_20230413_124725_jpg.rf.7a83a617b2579a4ed18e5acf68d430ee.jpg, 1
hunter_00028_jpg.rf.7b765b972153bbd810225693d6253caf.jpg, 1
hunter_00061_jpg.rf.7ab579b10c95e21d9840a67aa61dff3d.jpg, 1
IMG_20230413_124243_jpg.rf.7c1e1ac9d6077d116686ac2ecc8b7c06.jpg, 1
IMG_20230413_124558_jpg.rf.7c5880e3595d8eb2c75c107f5feaf511.jpg, 1
IMG_20230413_123037_jpg.rf.7eea4800a54c535aa9f801ed97620838.jpg, 1
IMG_20230413_124514_jpg.rf.7d9f7dc4cf7ca834052a7c8ce30533ed.jpg, 1
IMG_20230413_125930_jpg.rf.7d2e6bd987d1b8c94542efecc4b67c48.jpg, 1
hunter_00025_jpg.rf.7bae8e23bfc7905f3449717c18429043.jpg, 1
IMG_20230413_123917_jpg.rf.7bb0089ebfaa1141da915dbb67771532.jpg, 1
hunter_00086_jpg.rf.7cab4eefb0d7953a9dea5aa582f74b4f.jpg, 1
IMG_20230413_130658_jpg.rf.81e45555fcefe223216ae173ce00487b.jpg, 1
hunter_00037_jpg.rf.8000c525ee31dcd8103abb0fca142a41.jpg, 1
hunter_00011_jpg.rf.7ff0a9ab52b0789036a2d6dd3f4ea5b7.jpg, 1
IMG_20230413_125457_jpg.rf.80cd3d2b9a60604bcfde48e168cda482.jpg, 1
IMG_20230413_123235_jpg.rf.80d67e91ef9a796a0f03d26dca1b4768.jpg, 1
IMG_20230413_125943_jpg.rf.791b55a3419fd10aa41ac7a5049c4183.jpg, 1
IMG_20230413_123613_jpg.rf.7fe8d9a15dec19b3f256182be99c5bc2.jpg, 1
IMG_20230413_124855_jpg.rf.7ff0a5505600204af43cb75927b3ad92.jpg, 1
IMG_20230413_125025_jpg.rf.81e53ff921cef9b3f10fd1ad9a3aa503.jpg, 1
IMG_20230413_124308_jpg.rf.7c736791bebe5d2b7318088ab2223506.jpg, 1
IMG_20230413_125115_jpg.rf.8176bd343b3f463146a52ba8e1b23dc9.jpg, 1
IMG_20230413_125021_jpg.rf.82df269e9272fc24c0ee547882754000.jpg, 1
hunter_00032_jpg.rf.8267bb71960f7201ddedf02932479e7a.jpg, 1
IMG_20230413_124844_jpg.rf.82505c4f945d9a9615e664874144ecb3.jpg, 1
hunter_00181_jpg.rf.8144687a85274b818f80514a3647ccd9.jpg, 1
IMG_20230413_123037_jpg.rf.76d9688aa0f1709a22af9598c5ac2cea.jpg, 1
IMG_20230413_125224_jpg.rf.81ecd7c54a7e8a18ff2e4069beb6a476.jpg, 1
hunter_00009_jpg.rf.7782e26c7354fc25974873b91977a464.jpg, 1
IMG_20230413_124751_jpg.rf.82ee26939cbebc95fd84b3b3b6d4620f.jpg, 1
IMG_20230413_123613_jpg.rf.856207a68c1777c7ec599ef8dab40314.jpg, 1
IMG_20230413_125830_jpg.rf.83b3b1bb155d2007d24997f08fc0b287.jpg, 1
hunter_00021_jpg.rf.837f998b92c8eff4cdb10c8f9b514cce.jpg, 1
IMG_20230413_125320_jpg.rf.8389ef053e461a08400c063459772f76.jpg, 1
IMG_20230413_122535_jpg.rf.865c2930641fa67ac8e9ffd276f29710.jpg, 1
IMG_20230413_124818_jpg.rf.850e5af698356ae7c40deb17f9b6bb94.jpg, 1
hunter_00179_jpg.rf.84825ff98289cded8bb9a625ce326eca.jpg, 1
hunter_00035_jpg.rf.86400a14b048c4f1e090c75d32f79ea1.jpg, 1
IMG_20230413_122720_jpg.rf.8728df901ea825059d2f5a6762955889.jpg, 1
hunter_00184_jpg.rf.87d84ec50c29e2a4a923c8e10f23695a.jpg, 1
hunter_00135_jpg.rf.894841448f529067832eebffb5fdea41.jpg, 1
hunter_00006_jpg.rf.890809cb6f94e2442d0c04282a9f7eba.jpg, 1
IMG_20230413_130324_jpg.rf.8b78cbf7d97d27d2f37923ad0d6e3016.jpg, 1
IMG_20230413_130317_jpg.rf.8adbb77914c89af2aa8d1515fd5f084c.jpg, 1
IMG_20230413_125015_jpg.rf.8365b6e31a86d42201cf1300cd97b84f.jpg, 1
hunter_00037_jpg.rf.871b0bc65121507f6f9a8103d06bc1ef.jpg, 1
hunter_00193_jpg.rf.8b59e7fc01d1e6f092ae3ba2a5918d51.jpg, 1
IMG_20230413_124528_jpg.rf.89d91d195d6047b5fa1792322452847a.jpg, 1
IMG_20230413_123354_jpg.rf.8ae09f67748ce61316e5440a7eced337.jpg, 1
IMG_20230413_124546_jpg.rf.88cee235406b43db9f20880a64157914.jpg, 1
hunter_00081_jpg.rf.83cd783426a4a101bf786eef458b4dbc.jpg, 0
IMG_20230413_125043_jpg.rf.89ac16d4282858281537a4cf96a011a8.jpg, 1
IMG_20230413_123637_jpg.rf.8c0f0fbf4f3918e3aa7c1963e92dd789.jpg, 1
IMG_20230413_125412_jpg.rf.8b7d804031503f00a8a69b1f7643149c.jpg, 1
IMG_20230413_123752_jpg.rf.8bcb1bbb39877f964c78f4e570be0ee3.jpg, 1
IMG_20230413_123752_jpg.rf.8883b0399e160d215de9b1d593173d61.jpg, 1
IMG_20230413_124757_jpg.rf.8c7b098d39910c98df889f6fe5dae3b1.jpg, 1
hunter_00075_jpg.rf.8a740ab26c7aa7ac70142ec3d8478c92.jpg, 1
IMG_20230413_124546_jpg.rf.8c190be40e9b4f866ef66c9282da3fe7.jpg, 1
hunter_00182_jpg.rf.8c12090cec6bdb65b3285f35aa19f289.jpg, 1
IMG_20230413_125824_jpg.rf.8b94c5f4ab6485587ffeb041acd6f01d.jpg, 1
IMG_20230413_130020_jpg.rf.858e1fc091fdcb576217cd942dbfb678.jpg, 1
IMG_20230413_130610_jpg.rf.900576ab19e1867761dc6b1fd7466107.jpg, 1
IMG_20230413_125121_jpg.rf.8ca53093c851ba464b00641375cf34d0.jpg, 1
hunter_00004_jpg.rf.8dc5d3a6806afca36512aa8f4c088908.jpg, 1
hunter_00175_jpg.rf.8df1202da4812fadbd0b266fd32968c2.jpg, 0
IMG_20230413_123251_jpg.rf.8c8c3fcfbc7df6eb251afe865e7cba54.jpg, 1
IMG_20230413_125125_jpg.rf.8e4a2c8488f749fa7b71d595190ccf27.jpg, 1
IMG_20230413_124927_jpg.rf.918c1d7a60a4aeb6ff3213bf907b3607.jpg, 1
IMG_20230413_125051_jpg.rf.8d7cf1b02f212cd12be70ba226b139fe.jpg, 1
hunter_00185_jpg.rf.8d7d61d9a328e4e4d68241b6765fb117.jpg, 1
IMG_20230413_125356_jpg.rf.8da8f783e37b8b3146b8bbcf3c61472a.jpg, 1
IMG_20230413_123125_jpg.rf.915e98ddc09e56627cb52fd905da62ec.jpg, 1
IMG_20230413_125907_jpg.rf.8ca701ffe90b5a3b6b4e073fccb9a102.jpg, 1
IMG_20230413_130654_jpg.rf.9230084d4d778db72e2d49657d00371b.jpg, 1
IMG_20230413_125356_jpg.rf.8cd12fa5ac969264fca00c23926153d5.jpg, 1
IMG_20230413_130555_jpg.rf.91bf2f9c2516eb1d40f0d051864f8237.jpg, 1
IMG_20230413_125332_jpg.rf.90f32fb7ac3e407994a37f37220c87df.jpg, 1
hunter_00178_jpg.rf.9339245c2bf435b7aa877d85758e8b23.jpg, 1
IMG_20230413_130210_jpg.rf.8f149d497480166f5df8a70425fb5444.jpg, 1
hunter_00083_jpg.rf.92bcff041ff2d1b6ff8839a77ca49cd5.jpg, 1
IMG_20230413_123251_jpg.rf.930e4d1307070fb2fe4b9b52b7816df4.jpg, 1
IMG_20230413_130216_jpg.rf.935608cc5810761927e608d4b99c157b.jpg, 1
IMG_20230413_122436_jpg.rf.9306d032d656d0e94a0ee0b414ce6197.jpg, 1
hunter_00083_jpg.rf.8c0df9aba32a753a875fabf08e7c50d9.jpg, 0
IMG_20230413_130052_jpg.rf.93ff639dbd13cead79433b09c3c8a6fe.jpg, 1
IMG_20230413_130310_jpg.rf.91fb0e2de607aed60e02f77a58792412.jpg, 1
hunter_00183_jpg.rf.9306041645db9a9a9839c4b8394f3098.jpg, 1
hunter_00172_jpg.rf.946f7c830331b7b1a8a24871b1b6d432.jpg, 1
hunter_00072_jpg.rf.94db8732c864e2e712cae6cc4bc05e0b.jpg, 1
IMG_20230413_130147_jpg.rf.94c78924e4e968c62d39c8aa1f3e5abf.jpg, 1
IMG_20230413_125958_jpg.rf.95280190c67819b691461794bddeb840.jpg, 1
IMG_20230413_122938_jpg.rf.9562530909b2528402e2a2d196b2e71f.jpg, 1
IMG_20230413_124818_jpg.rf.9400e23bfad4fd575cb62555ffefe2cf.jpg, 1
IMG_20230413_125457_jpg.rf.953f495a009f4d5ae1f38e9ec1bfdf9c.jpg, 1
hunter_00193_jpg.rf.9615c14c6141bacf65e295fea7b1120d.jpg, 1
hunter_00011_jpg.rf.96ee1d8da38e91ba43077f3a95c5bff8.jpg, 1
IMG_20230413_130011_jpg.rf.95312be91bc7656b22b7a3579a6ff20a.jpg, 1
hunter_00191_jpg.rf.99969674db2e13e66a08bc14afefcb5b.jpg, 1
hunter_00190_jpg.rf.965f02c1dca5bc37a49dbafd7ac69f65.jpg, 1
IMG_20230413_123603_jpg.rf.9baeb97f39ed6965b9fede3a6fe18d33.jpg, 1
IMG_20230413_125015_jpg.rf.956c0a4c8d437e99b8714346e10ddbca.jpg, 1
IMG_20230413_124308_jpg.rf.978019c96270a6ac16197981fbd70c0a.jpg, 1
IMG_20230413_125913_jpg.rf.9da592caa60a121542875005a0d73a7f.jpg, 1
hunter_00095_jpg.rf.9a22ea633a7bbdd10817bb6465e97540.jpg, 1
IMG_20230413_124810_jpg.rf.9a97ffcf272bc5bd3012040da12e02b7.jpg, 1
IMG_20230413_124411_jpg.rf.9658555c939ca23f304434eb02b15ddd.jpg, 1
IMG_20230413_122846_jpg.rf.976d66a9e94e0397bd02dbaf91493b17.jpg, 1
hunter_00100_jpg.rf.9c46529a945a4f2466cb794eff96e211.jpg, 1
IMG_20230413_122653_jpg.rf.9db86bd5c8c24493b4c669eb05eddab8.jpg, 1
IMG_20230413_125949_jpg.rf.9e0dfde2725be4d3d67eae98c4fd8912.jpg, 1
IMG_20230413_130216_jpg.rf.9bd4a9bf8d55695784c149da605560a0.jpg, 1
IMG_20230413_123251_jpg.rf.9cb46425019e606a9780638511880ee4.jpg, 1
IMG_20230413_122938_jpg.rf.9eb95c47a6525704d4e2656788823a57.jpg, 1
hunter_00191_jpg.rf.9e0638d7554eec784a45ef07a9065af7.jpg, 1
IMG_20230413_124810_jpg.rf.9f176b3b2fa4ca50a7c99c3d5215c6f6.jpg, 1
hunter_00067_jpg.rf.9f2058ee0732eba711b7dd92e9278e4f.jpg, 1
IMG_20230413_125021_jpg.rf.a0f6b7a58371b478982502e1f7e84eb1.jpg, 1
hunter_00071_jpg.rf.a1861bf9c4602e7e91c1edad83bd28ec.jpg, 1
IMG_20230413_125030_jpg.rf.a0cc355064766faaade1be66ccf972be.jpg, 1
hunter_00169_jpg.rf.a25707d5548701ca2b4b08fa9a08679c.jpg, 1
hunter_00067_jpg.rf.9ef945a26aa7ec4882324eb98731175a.jpg, 1
IMG_20230413_124605_jpg.rf.a0df512e83f708cf0ccb99a16fd471dc.jpg, 1
IMG_20230413_123459_jpg.rf.a1e1e2dd3e6c0ffd0c9400eab727442c.jpg, 1
hunter_00174_jpg.rf.a252d710d46062ebdf22026707ac1358.jpg, 0
hunter_00173_jpg.rf.a3abc01316746fe8c900cdbde62a3451.jpg, 0
IMG_20230413_125332_jpg.rf.a36a1b07e895fe77f842da3c667d2b3f.jpg, 1
hunter_00061_jpg.rf.9d7f7007113228ba7fe50eb4604425e2.jpg, 1
IMG_20230413_122829_jpg.rf.9c211440bddb116b86e4711bc788173f.jpg, 1
IMG_20230413_125808_jpg.rf.a29f96d49687b38434c6e110164eed5a.jpg, 1
hunter_00075_jpg.rf.a2d0469b14d56f75b883e017dd894573.jpg, 1
hunter_00079_jpg.rf.a579a917d713bbb687fefacd8ea4c9d0.jpg, 1
IMG_20230413_124831_jpg.rf.a0f1a32bdae4089ad4bef8a9c69892a1.jpg, 1
IMG_20230413_125913_jpg.rf.a4beeca817c1a2f8e9aee014b7b7e1b2.jpg, 1
IMG_20230413_123107_jpg.rf.a7b06eb207b3ae7f49cfc12084d56e93.jpg, 1
IMG_20230413_123107_jpg.rf.a4b2af475f2511f3ec4d49d47d40aff5.jpg, 1
IMG_20230413_125107_jpg.rf.a8e668c40d66ef6ae1fd917e2ace370a.jpg, 1
IMG_20230413_130317_jpg.rf.a6056ce7cb40064872ab340e54ed223b.jpg, 1
IMG_20230413_123139_jpg.rf.a9683be88a4a003475f4ad6c5dfcc902.jpg, 1
IMG_20230413_124423_jpg.rf.a61b1a7723f480f7d9aa955915f2d368.jpg, 1
IMG_20230413_125443_jpg.rf.a6282d02c84ad94287fb5163fe420d50.jpg, 1
IMG_20230413_125907_jpg.rf.a882b931156b06a40823243cdfd2c9e0.jpg, 1
hunter_00008_jpg.rf.a5caed9a862bd6f9b0394f2495b9d749.jpg, 1
IMG_20230413_124448_jpg.rf.a9e682b8e221ebd3416a982db880eac2.jpg, 1
hunter_00115_jpg.rf.aa0a7726a128e7fbcce6621e22d123bf.jpg, 1
IMG_20230413_124411_jpg.rf.aa129a4019772354a35fadd59cf7f500.jpg, 1
hunter_00025_jpg.rf.ab1fec656dddccbd6e7dd08cf21901ae.jpg, 1
hunter_00019_jpg.rf.ab30007d8f41a4457d6043a8c3de8d16.jpg, 1
hunter_00033_jpg.rf.abe98c927f9d8a0566b4d7dae1970a5f.jpg, 1
hunter_00029_jpg.rf.ace0d272f2cd19fa332385486fc42c97.jpg, 1
hunter_00100_jpg.rf.ada755d7b1ad0fe662a14495c8624f6a.jpg, 1
IMG_20230413_125336_jpg.rf.adc3538f3be76d7996dd765f0d468e63.jpg, 1
IMG_20230413_124831_jpg.rf.abd224cd738f8ea499dca0fca765db06.jpg, 1
hunter_00085_jpg.rf.b0303265acd945cf9504e7f34b2886c1.jpg, 1
hunter_00005_jpg.rf.ad1e661ebe1f6ff0e2151e1bd41725bc.jpg, 1
hunter_00076_jpg.rf.aebd55f376ba1c86dbc79a98ffe6c063.jpg, 1
IMG_20230413_130654_jpg.rf.aebc20bea7526da7e9d4e9bad81ae680.jpg, 1
IMG_20230413_130110_jpg.rf.b1fc3c1077f416101c1d837966091b97.jpg, 1
IMG_20230413_125100_jpg.rf.ae1045075cdaefc041c111c77d70203d.jpg, 1
hunter_00183_jpg.rf.ae7c3fc0559710c70790af912a53a697.jpg, 1
IMG_20230413_122552_jpg.rf.b14ef64bd48cf6c877993f5831e41820.jpg, 1
IMG_20230413_124333_jpg.rf.aef52d6192cce558741d1f2286d46f54.jpg, 1
IMG_20230413_123347_jpg.rf.b2ff3bab944534def831e2d9b0ae5ee4.jpg, 1
IMG_20230413_123132_jpg.rf.af3213c9bc899598cecf1bb65844fcbd.jpg, 1
IMG_20230413_123158_jpg.rf.b39a095844161794db0fbfcc739b0831.jpg, 1
hunter_00178_jpg.rf.b329a5f109ade124876770ace817b48c.jpg, 1
IMG_20230413_124528_jpg.rf.b375e020d12befea3dc16a4c7d2ced6f.jpg, 1
IMG_20230413_124725_jpg.rf.b375a66d1bccd5b0dda814685fe678f9.jpg, 1
IMG_20230413_130310_jpg.rf.b43873ba6686d2333f5b50a85c1e4900.jpg, 1
IMG_20230413_130714_jpg.rf.b507820832f2253eeeeddd8e8089ca03.jpg, 1
IMG_20230413_123151_jpg.rf.b63ccfc77d0664051080489cbc16dd56.jpg, 1
hunter_00004_jpg.rf.b3c497a2aeebfb5605ee3325b6caf222.jpg, 1
IMG_20230413_130514_jpg.rf.b945848b3c206515cbed055865fa6400.jpg, 1
hunter_00072_jpg.rf.b7410eed8a38e41722714a50e875dac2.jpg, 1
IMG_20230413_123235_jpg.rf.b4fb7fbd21494517eb667ee705a1c8c5.jpg, 1
IMG_20230413_125224_jpg.rf.b5dbd74c22950cf9c7c5462b72b7734a.jpg, 1
IMG_20230413_124605_jpg.rf.b48bc9ec5356416c7e8c6236dc672d76.jpg, 1
IMG_20230413_123132_jpg.rf.b43221b5e45f87fbf41e1250f14bb9bd.jpg, 1
IMG_20230413_124314_jpg.rf.bb20f8b5774333eb0a64949fb44960ad.jpg, 1
hunter_00072_jpg.rf.babdd01d698d828532c884b2a6463242.jpg, 1
IMG_20230413_125336_jpg.rf.b65b1d9ffbcda21dfa53c1571c8f2a4c.jpg, 1
hunter_00074_jpg.rf.bc81a69784ba2e307c7aee3c38bdc58d.jpg, 1
IMG_20230413_123009_jpg.rf.b45c3f3309b6c23e8f1173a27b5fae81.jpg, 1
IMG_20230413_123125_jpg.rf.ba046fe2aec418065deecd9ec9c73ab0.jpg, 1
IMG_20230413_123115_jpg.rf.b97b9585f64b04a964529cac5fefb0bf.jpg, 1
IMG_20230413_122436_jpg.rf.bb43d4580d9ea3cc8b3aa6e5f4288e90.jpg, 1
IMG_20230413_124314_jpg.rf.bbef3a67b2c0fd9d2800dc394200bd8c.jpg, 1
hunter_00012_jpg.rf.bb6462d978fbe13c3a5b1c1580aa6154.jpg, 1
hunter_00092_jpg.rf.b7eaf72e42f498618ed9f7b12f4d5b22.jpg, 1
IMG_20230413_125949_jpg.rf.b9c94d4c54388e958102994c26bc4e46.jpg, 1
IMG_20230413_122752_jpg.rf.bc92b34eb23a9a203f4f975c4a12c6ba.jpg, 1
IMG_20230413_130452_jpg.rf.b3d1bbb4909976fdd5674869d03067ec.jpg, 1
IMG_20230413_122535_jpg.rf.bb99a4bfbc9f72a879a3a948852de127.jpg, 1
IMG_20230413_130210_jpg.rf.bb0355d0fbc61b6110dbbdfb0bef0fad.jpg, 1
IMG_20230413_130444_jpg.rf.bd84a42c70ed1728e6d789ee71b46aa0.jpg, 1
hunter_00134_jpg.rf.bcba9bd885a2e2c6288fc3ed4d69920f.jpg, 1
hunter_00051_jpg.rf.bd05b70d298f09e4d6d5bd227eab512f.jpg, 1
IMG_20230413_124804_jpg.rf.bf1056633014bd3e579cbcabd52c9d46.jpg, 1
IMG_20230413_122800_jpg.rf.bd876ddb9929e30294448eaad918930a.jpg, 1
IMG_20230413_125530_jpg.rf.be43ec595d7adeb3d8c1f0bb53dbd9a7.jpg, 1
IMG_20230413_130210_jpg.rf.c32b661d1bb9fe9839470b11c8cbda38.jpg, 1
IMG_20230413_123224_jpg.rf.bfabe10cf316d9b197cf63a1c1451733.jpg, 1
hunter_00112_jpg.rf.bddcc154a9c02c4a4e55749cd7e06bc3.jpg, 1
IMG_20230413_130110_jpg.rf.bff2e9f8e4f25942afed140f454d5e0c.jpg, 1
IMG_20230413_124314_jpg.rf.c216e1e64ea349964a1ba8005f75f545.jpg, 1
IMG_20230413_130330_jpg.rf.c25403e4cebd58d4b375ce679a480d45.jpg, 1
IMG_20230413_122436_jpg.rf.c39d9876c119fa201efd8a907f4d6851.jpg, 1
IMG_20230413_130444_jpg.rf.c2f2eb49e83379ec0c29bc3231c8c2f3.jpg, 1
hunter_00045_jpg.rf.c2bed617bd7a18d211dcab4eb7a0258d.jpg, 1
hunter_00182_jpg.rf.bdb4b5d48a7536c89bae7d76ee18aafe.jpg, 1
IMG_20230413_130518_jpg.rf.c0773ffa2e73250fcf7346b5df49f4c7.jpg, 1
IMG_20230413_123459_jpg.rf.bfce4448546169ce1e0809b99f2e51a1.jpg, 1
IMG_20230413_125638_jpg.rf.c2a243c37b27e578125b345c897068fa.jpg, 1
IMG_20230413_123630_jpg.rf.be53982dc5a0d6c91868e3422aeb8c3c.jpg, 1
IMG_20230413_125918_jpg.rf.c45600bb82a03fd4457c4acafecd1c6f.jpg, 1
hunter_00022_jpg.rf.c4a11b0e862e686f950b9a875d133fba.jpg, 1
hunter_00117_jpg.rf.c1c41697a58fff57f5a8c569874768d9.jpg, 1
hunter_00049_jpg.rf.c4206f5af4ab0547e1a0f050d0fb4de3.jpg, 1
IMG_20230413_124243_jpg.rf.be01a7cbbd9fc8f7a50b26023a10c7f2.jpg, 1
IMG_20230413_124612_jpg.rf.c26e29423329e650b0a99607c63225ad.jpg, 1
hunter_00180_jpg.rf.beae27f7108ee2b29f88454ae1790a93.jpg, 1
hunter_00134_jpg.rf.c5abe28a4c555d77be735c0db4342617.jpg, 1
hunter_00031_jpg.rf.c6cc2b21eb43a9ca9f38449e7ec8a62f.jpg, 1
IMG_20230413_124437_jpg.rf.c50d58e44ea421c01fc131a5fea160b9.jpg, 1
IMG_20230413_125534_jpg.rf.c4e2ab46090d8daadffb5f44311eead6.jpg, 1
hunter_00025_jpg.rf.c5a0d9c2a3e6b9a3c481d3809bb01347.jpg, 1
IMG_20230413_125958_jpg.rf.c69a6fdf048c4a77e5de2e56c42ead6e.jpg, 1
IMG_20230413_125443_jpg.rf.c628bb44cc7f6459736f96376a22b657.jpg, 1
IMG_20230413_124300_jpg.rf.c719865926b52c7c51c6713125b296f3.jpg, 1
IMG_20230413_125824_jpg.rf.c6f1a267ef4f542e0eacd87be99ee5a7.jpg, 1
IMG_20230413_130153_jpg.rf.c7ff2ad9357e085f235e39f2a3b8ce8b.jpg, 1
hunter_00080_jpg.rf.c74cdc01e29665c68bee34ed96d68876.jpg, 1
IMG_20230413_122720_jpg.rf.c820084047294d9848528c1c79d8067b.jpg, 1
hunter_00067_jpg.rf.c8d0f8b2cc8d28e8fbadf831fca72221.jpg, 1
hunter_00078_jpg.rf.c7345ba11292f9e52048fb82a7e930cb.jpg, 1
IMG_20230413_124538_jpg.rf.c80bd7cf6f265fed3e8c98040b1a3b97.jpg, 1
IMG_20230413_122512_jpg.rf.c904612695d23004d0e23bda9e3cde67.jpg, 1
hunter_00069_jpg.rf.c8741b50b39cb4a631c123224294e99f.jpg, 1
IMG_20230413_122859_jpg.rf.c851c656516dd90a812430b015ec65d0.jpg, 1
hunter_00080_jpg.rf.c71b276087a15fa80f5b1ccb6f64dadc.jpg, 1
IMG_20230413_125356_jpg.rf.ca17dd9a01874f6c23316b0efc1616c7.jpg, 1
IMG_20230413_123656_jpg.rf.c9b96f305a70cc7121c3caeadfa2e6b9.jpg, 1
IMG_20230413_125913_jpg.rf.ca45f9aea25869796d923d8a64d420fd.jpg, 1
hunter_00030_jpg.rf.ccd9cfd911c18fe61e646c11035d334a.jpg, 1
IMG_20230413_123037_jpg.rf.ccb1aae796f3e14d2adaa4d8d4d89556.jpg, 1
IMG_20230413_124757_jpg.rf.c8e7db9b8e0685c87c0e700001970216.jpg, 1
IMG_20230413_122859_jpg.rf.cb0309341e70d311c57029772d7e4576.jpg, 1
hunter_00082_jpg.rf.cca2e03e7bea84b396cf235a757caaa8.jpg, 0
IMG_20230413_124423_jpg.rf.cd2a325eb4d98f1e3c14eb3a56f2a231.jpg, 1
IMG_20230413_123009_jpg.rf.cd2597ec69ef58a857f0fbe6b6dd1e51.jpg, 1
IMG_20230413_122530_jpg.rf.cf7a12e81b69bd2145e6ff08255f0b26.jpg, 1
hunter_00190_jpg.rf.ce89444e353ac2d413ca15d7ed0e37eb.jpg, 1
hunter_00116_jpg.rf.caa25d0d51428c07d9d57efd384e57bc.jpg, 1
IMG_20230413_123202_jpg.rf.ca478cfbc61505ba848c08d95056c58a.jpg, 1
hunter_00046_jpg.rf.cf62485ca1afffe98c396f7a966a437e.jpg, 0
IMG_20230413_130324_jpg.rf.d003e0d40088d3f839c44a2995ee2e01.jpg, 1
hunter_00052_jpg.rf.cd301b7d9f7e08e0274c811180c8f66a.jpg, 1
IMG_20230413_125534_jpg.rf.cda65dec6cd14a792279a3f3d23de937.jpg, 1
IMG_20230413_130530_jpg.rf.cd041a53da323567702a62f4649ab80c.jpg, 1
IMG_20230413_123318_jpg.rf.d0dfcede2c399d0901aa12a49cac42bc.jpg, 1
hunter_00079_jpg.rf.ca77284cf01b5354fd4250e49a258207.jpg, 1
hunter_00083_jpg.rf.cffba462058296e5fff2a7b046e67696.jpg, 1
hunter_00033_jpg.rf.d1e2888022cf90f2134d2b913915fedb.jpg, 1
IMG_20230413_124844_jpg.rf.d065d93aab1f83e362c7dd7ab486ba15.jpg, 1
IMG_20230413_130110_jpg.rf.d1683a6a9e4dae608c28e85dd9c5a56b.jpg, 1
IMG_20230413_125030_jpg.rf.cf830533be3a792bcaeada0f2161010b.jpg, 1
hunter_00010_jpg.rf.d18a15ab3956200eabf5863aa3b47626.jpg, 1
IMG_20230413_130514_jpg.rf.cba7c0c253765324ee80e7c42dcd9867.jpg, 1
IMG_20230413_125903_jpg.rf.d35515992aef6747ee10a6428ea55982.jpg, 1
IMG_20230413_124850_jpg.rf.ce80a8227685fc2f091b0f49a53c53cc.jpg, 1
hunter_00098_jpg.rf.d3a643ba54b1e114d2265944300f5b5f.jpg, 1
IMG_20230413_125243_jpg.rf.cf87f3270b6cc12c0ff40f9df9720ac4.jpg, 1
IMG_20230413_130452_jpg.rf.d44c8495f370ee9482513bce9213ce55.jpg, 1
IMG_20230413_130418_jpg.rf.d4d55f17c367b30932aa145031d771ad.jpg, 1
IMG_20230413_122530_jpg.rf.d4e0b72a46b71830f33c08a438786450.jpg, 1
hunter_00027_jpg.rf.d55c2b5b4e8bfdc04b87ed8745948e72.jpg, 1
hunter_00028_jpg.rf.d6a2445334cf80712b5b4e4732748b6b.jpg, 1
IMG_20230413_124528_jpg.rf.d3afdc041cd55cf8d3893d03746313a2.jpg, 1
IMG_20230413_124850_jpg.rf.d204083130d98207ef7a01e462cbfa3e.jpg, 1
IMG_20230413_123125_jpg.rf.d8ab8e83b6637e10688c17057a7f4d2c.jpg, 1
hunter_00028_jpg.rf.d970fdac354ef4d4ed697fa2c84e48e2.jpg, 1
IMG_20230413_123630_jpg.rf.d9c422e6d1ee45956092764df35881b4.jpg, 1
IMG_20230413_130157_jpg.rf.d6788ab8b6fd7b90de73b7f6522ac3c0.jpg, 1
hunter_00174_jpg.rf.d9cba3d14cf892b24009c5c2aa489b87.jpg, 0
IMG_20230413_123656_jpg.rf.d79d2aaa79140277e660b079c764a0ec.jpg, 1
IMG_20230413_122512_jpg.rf.d7faba4ef3b6be7e8ff12ed6dcbd04ea.jpg, 1
IMG_20230413_124850_jpg.rf.da0426e114e7e203c2cf179f90aa17b6.jpg, 1
IMG_20230413_124437_jpg.rf.d5dd1a24cf6307840664dcc71f477273.jpg, 1
hunter_00058_jpg.rf.d4ca44468cd4b2cbdfd4ba39c2eecaa3.jpg, 1
IMG_20230413_124818_jpg.rf.d460c35d7ec9572d73c3db541a2938aa.jpg, 1
IMG_20230413_130153_jpg.rf.dceded92a5290bd80a5c7275b3f7900b.jpg, 1
IMG_20230413_124355_jpg.rf.dbf06828e94651cd565ba45f08c49e1c.jpg, 1
IMG_20230413_125243_jpg.rf.db953dac781ff471fb0349bf0313c5b2.jpg, 1
IMG_20230413_130444_jpg.rf.dcf01ba18f7180a7d2e97d1131c9efb3.jpg, 1
IMG_20230413_130142_jpg.rf.dbd17bd9e61459435bcc3ddf8668b340.jpg, 1
hunter_00037_jpg.rf.db88b0efe2e0900f3d736f70a3fd0ba6.jpg, 1
hunter_00173_jpg.rf.dab2b7ea4fcfb9732743bb205c6f805e.jpg, 1
IMG_20230413_130618_jpg.rf.dcb9bbde7aaca2a932f073e3aabeaef0.jpg, 1
IMG_20230413_125949_jpg.rf.de27fef4fe6991c9daaa66d8ecbdadf9.jpg, 1
hunter_00176_jpg.rf.ddcb09963c51080dcee32b3d3e0c9ea6.jpg, 1
IMG_20230413_125121_jpg.rf.e0bd8d402cb77c0561a9d316c704e03c.jpg, 1
hunter_00086_jpg.rf.dfc33b16454f1d0e9130e6f55ad177cc.jpg, 1
hunter_00188_jpg.rf.df63d22d008ab3478e9d6bf7721311e6.jpg, 1
IMG_20230413_130157_jpg.rf.e1792512e04321a124ce72e6cf527a6c.jpg, 1
hunter_00035_jpg.rf.e1a7d6623d44ffcbf55d7f3c843eb290.jpg, 1
IMG_20230413_130703_jpg.rf.de7f76ed42f3ac8b9b7bb705684d66a0.jpg, 1
hunter_00019_jpg.rf.e1905dd8fb09e77c190d4aacc1f53c7f.jpg, 1
IMG_20230413_130119__01_jpg.rf.e0ebce96c4cd73031da7282973c4a8b4.jpg, 1
IMG_20230413_125036_jpg.rf.dda56086f0ba30cb37395325f0f5d6f1.jpg, 1
IMG_20230413_123347_jpg.rf.e46388fe193062e342bfb17b5b4714f8.jpg, 1
IMG_20230413_123318_jpg.rf.e2c7713a18df5f9a356e295a111efe09.jpg, 1
IMG_20230413_123139_jpg.rf.d40e435597dec302568b6f500559e4dc.jpg, 1
IMG_20230413_130658_jpg.rf.e3b64eb50c2c25e341844708a2857e9a.jpg, 1
IMG_20230413_122523_jpg.rf.e4c8288eced9c72e744ef89684f8e60a.jpg, 1
hunter_00098_jpg.rf.e1bf52a5cbd329a6ee869aef6909b712.jpg, 1
hunter_00098_jpg.rf.e3878329e95813d54393bdea916adf36.jpg, 1
IMG_20230413_123619_jpg.rf.dd1e170f28fdc31b1c8803660667e484.jpg, 1
hunter_00184_jpg.rf.e42629e34fea5a99000ef86be667d47c.jpg, 1
IMG_20230413_125808_jpg.rf.e341f015477dac8db5486ae25a704538.jpg, 1
hunter_00024_jpg.rf.d4c240a390ac7fe3fd8d68ec222c3ea9.jpg, 1
hunter_00077_jpg.rf.e518e8c325d8973e8cf0a7b3cbda422b.jpg, 1
hunter_00134_jpg.rf.e54b65b106fae09974d04b707ec8ef83.jpg, 1
IMG_20230413_125557_jpg.rf.e36309f20148664037ff500213fd99ac.jpg, 1
hunter_00022_jpg.rf.e29c002ef51788abc40c953d706677f3.jpg, 1
hunter_00070_jpg.rf.e3f440f79c5c3c25d6b2ccc9803beb6a.jpg, 1
IMG_20230413_123917_jpg.rf.e6773d93661c63d6b2c6763a072a458a.jpg, 1
IMG_20230413_124333_jpg.rf.debbbda39b1928af4aaa7bf210254d4c.jpg, 1
IMG_20230413_130201_jpg.rf.e0ce31ed000c47ff527251b295c83138.jpg, 1
IMG_20230413_125148_jpg.rf.e5f1804f89b8b025726f2eb80b4df458.jpg, 1
IMG_20230413_125557_jpg.rf.e42bc0752901ef4a807ba553d5aad7a1.jpg, 1
IMG_20230413_123115_jpg.rf.e421293f608e01cef7929da1750f5ef9.jpg, 1
IMG_20230413_124411_jpg.rf.e76e9beb4aed3a3c0a76f15415bd51ab.jpg, 1
IMG_20230413_122800_jpg.rf.e6e74ca18242dc90537ea71c768238ac.jpg, 1
hunter_00165_jpg.rf.e7e725f70373c2bc1f2802548bb808ad.jpg, 1
hunter_00059_jpg.rf.e75550de2640111a538a0d41b8b47347.jpg, 1
IMG_20230413_130650_jpg.rf.e62c5ffd281a1753c62636c77c34d361.jpg, 1
IMG_20230413_130310_jpg.rf.e59d12f58250304cfff63ee5af9b5d07.jpg, 1
IMG_20230413_123859_jpg.rf.e8c70bf3e80b2fcb9c94c55c522de2c8.jpg, 1
hunter_00040_jpg.rf.e7e1f816c52aa513f618f9c6e53ddcbb.jpg, 1
IMG_20230413_124437_jpg.rf.e8151e73ae70fa5fddde0bfba0d2e867.jpg, 1
hunter_00087_jpg.rf.e8ad025968a474e448c98fcfb4f14a96.jpg, 1
IMG_20230413_122800_jpg.rf.e82beb38fee80f9bcf0229a4a2e14da7.jpg, 1
IMG_20230413_125841_jpg.rf.e85fd4c6c215b9f84f927d01adde9de6.jpg, 1
IMG_20230413_130142_jpg.rf.e9bbf44a85976ab460df4ac891cbe0a9.jpg, 1
hunter_00190_jpg.rf.eb151f52578b1c565541da5cf35cad55.jpg, 1
IMG_20230413_130714_jpg.rf.ec9725da5bc73a29d7cb393af0b585cc.jpg, 1
hunter_00165_jpg.rf.eb7a14686b8e5b726d561117eece901e.jpg, 1
hunter_00009_jpg.rf.eb2077049da922a6fb19b8ee92914faa.jpg, 1
IMG_20230413_125530_jpg.rf.ebf22a6938fab15a0cb884285144d25a.jpg, 1
IMG_20230413_125051_jpg.rf.eb537b3f4e89586f1e552c1b64499a26.jpg, 1
IMG_20230413_125148_jpg.rf.ea4ea4092ec1704e6f49a434c2d879e7.jpg, 1
IMG_20230413_125332_jpg.rf.efffa34795abe2c1a91ba79e7b72812f.jpg, 1
hunter_00030_jpg.rf.ef11d220ae2c5ae8c7848ae63e8520b0.jpg, 1
IMG_20230413_125043_jpg.rf.edf0aa827f9f4242842d66b0c4c4e8db.jpg, 1
IMG_20230413_123859_jpg.rf.e9f01214f1cc5f9c9ce4c644bee58673.jpg, 1
IMG_20230413_123202_jpg.rf.f2807f121530b7e5ae65f2ae6670ea79.jpg, 1
hunter_00172_jpg.rf.ea4ab36e09cf618d4acf1779fe44f367.jpg, 1
IMG_20230413_130555_jpg.rf.f1562cea58c786c5bb901523dbb00a8b.jpg, 1
hunter_00061_jpg.rf.f18635c0e5c01baac7a657aab3815907.jpg, 1
IMG_20230413_125943_jpg.rf.ee47669205c1baaec471e8c4ad8495d4.jpg, 1
IMG_20230413_124558_jpg.rf.f0d87a6112965452d94da8ee19786fa2.jpg, 1
hunter_00136_jpg.rf.f3135ac0d78a67231112f65eaa5857c2.jpg, 1
hunter_00116_jpg.rf.f3618f7e4f1899940fa0bf6950d70a00.jpg, 1
hunter_00008_jpg.rf.e8306b5ab75b90fb58334bec099fb762.jpg, 1
IMG_20230413_125121_jpg.rf.f0a540a3c06b7fe9788bbd59c7999dc3.jpg, 1
hunter_00176_jpg.rf.f2cbd644e275bacea098c084f154797f.jpg, 1
IMG_20230413_123235_jpg.rf.f43433c659e10ce17daa013128924832.jpg, 1
hunter_00033_jpg.rf.f5d951abd0ed637c854c8391ffc04d40.jpg, 1
hunter_00096_jpg.rf.f66e3ea5390e6ccd47468f6c1d23da5c.jpg, 1
IMG_20230413_130418_jpg.rf.f5c566e849cb05ca1a48c6b15b5a05a9.jpg, 1
IMG_20230413_130530_jpg.rf.f39727b0d11073c1ddc6ce6df017342a.jpg, 1
hunter_00011_jpg.rf.f871b07c6cc29f19c11a641b19b82ebb.jpg, 1
hunter_00022_jpg.rf.f7de7bf393efdf50281a21acab3c4c36.jpg, 1
IMG_20230413_122653_jpg.rf.fb74df01a5da80b0f7c7ad1cdb70ac93.jpg, 1
IMG_20230413_125326_jpg.rf.f6d0910122ebf46c8d9e336cd040f9d3.jpg, 1
hunter_00177_jpg.rf.f6a03b6c7b7580583e751d0ab57e8f15.jpg, 1
hunter_00052_jpg.rf.fad87fbcff903f9820f84c10fb68fee7.jpg, 1
IMG_20230413_125025_jpg.rf.f63e15d978d4a597e90c58aadf2e3d51.jpg, 1
IMG_20230413_125918_jpg.rf.fabdb3da65b66bef81dd320d783e35b0.jpg, 1
hunter_00085_jpg.rf.fb4f6cec8dafa16c1ffdc1a2f13337e3.jpg, 1
IMG_20230413_125021_jpg.rf.f84edae36fdd778009e914f2377937e0.jpg, 1
IMG_20230413_130401_jpg.rf.f8e52a81983182ca15f4fd492d5b7245.jpg, 1
IMG_20230413_130317_jpg.rf.faeddef96bd98385bb0f9b3e4b9f522c.jpg, 1
IMG_20230413_124243_jpg.rf.faedc70e7dcbf450d5749a417f3b97a7.jpg, 1
IMG_20230413_123107_jpg.rf.f665ed0b7d9877a04baf81d04fe7e4f5.jpg, 1
IMG_20230413_125443_jpg.rf.f4d9f3da98ae98cc7dba65d40fa9147d.jpg, 1
IMG_20230413_130147_jpg.rf.fa9013ec91df756ae123e4f0ed534e8c.jpg, 1
IMG_20230413_123347_jpg.rf.fc34d6aa3dac688461c72049d532ed55.jpg, 1
hunter_00193_jpg.rf.fc06116f74a55deee5fbb74a83b7f81f.jpg, 1
hunter_00057_jpg.rf.fc9ac248fb86b478252a581e41afdd2c.jpg, 1
IMG_20230413_124423_jpg.rf.faf0ddb5209565be5080dc8904563f49.jpg, 1
IMG_20230413_125819_jpg.rf.fcc059f28a4f44fd7135dc3443d4520e.jpg, 1
IMG_20230413_130703_jpg.rf.e7c4093dd147cd7b70ac845af121fb92.jpg, 1